<?xml version="1.0" encoding="UTF-8"?>
<root>
  <item name="com.segway.robot.sdk.voice.Recognizer int getLanguage()">
    <annotation name="android.support.annotation.IntDef">
      <val name="flag" val="false" />
      <val name="value" val="{com.segway.robot.sdk.voice.Languages.EN_US, com.segway.robot.sdk.voice.Languages.ZH_CN}" />
    </annotation>
  </item>
  <item name="com.segway.robot.sdk.voice.RecognizerManager int getLanguage()">
    <annotation name="android.support.annotation.IntDef">
      <val name="flag" val="false" />
      <val name="value" val="{com.segway.robot.sdk.voice.Languages.EN_US, com.segway.robot.sdk.voice.Languages.ZH_CN}" />
    </annotation>
  </item>
  <item name="com.segway.robot.sdk.voice.Speaker int getLanguage()">
    <annotation name="android.support.annotation.IntDef">
      <val name="flag" val="false" />
      <val name="value" val="{com.segway.robot.sdk.voice.Languages.EN_US, com.segway.robot.sdk.voice.Languages.ZH_CN}" />
    </annotation>
  </item>
  <item name="com.segway.robot.sdk.voice.SpeakerManager int getLanguage()">
    <annotation name="android.support.annotation.IntDef">
      <val name="flag" val="false" />
      <val name="value" val="{com.segway.robot.sdk.voice.Languages.EN_US, com.segway.robot.sdk.voice.Languages.ZH_CN}" />
    </annotation>
  </item>
</root>

